"term","estimate","std.error","statistic","p.value"
"(Intercept)",1169003.63468647,21920.231021185,53.3298957276806,0
"grouptreated_private",-277117.375627325,23478.9919536133,-11.8027799564316,0.0000000000000000000000000000000460969148210088
"year_ref2021",-12088.7835469416,31164.8522585485,-0.387897989910273,0.698094884331832
"year_ref2022",-78118.8836747672,31320.6871006043,-2.49416251386324,0.01263198813329
"year_ref2024",33617.3039381653,33667.9616180117,0.998495374313979,0.318049034483989
"year_ref2025",76069.1064594623,29704.8856450091,2.56082811994407,0.0104482167910414
"grouptreated_private:year_ref2021",-14008.9238864855,33009.2040918963,-0.424394476385592,0.671281862237334
"grouptreated_private:year_ref2022",55509.1639432481,34030.0600414444,1.63118031163168,0.102865088145174
"grouptreated_private:year_ref2024",-1087.10540038349,36590.7397314593,-0.0297098503162766,0.976298697150846
"grouptreated_private:year_ref2025",-15265.9503983606,32404.4531182903,-0.471106558800212,0.637568822022499
